A Mother's Parting Gift,
Abandoned Wealth,
Anarchy's Price,
Assassin's Favour,
Atziri's Arsenal,
Audacity,
Birth of the Three,
Blessing of God,
Blind Venture,
Boundless Realms,
Bowyer's Dream,
Call to the First Ones,
Cartographer's Delight,
Chaotic Disposition,
Coveted Possession,
Death,
Destined to Crumble,
Dialla's Subjugation,
Doedre's Madness,
Dying Anguish,
Earth Drinker,
Emperor of Purity,
Emperor's Luck,
Forbidden Power,
Gemcutter's Promise,
Gift of the Gemling Queen,
Glimmer of Hope,
Grave Knowledge,
Harmony of Souls,
Her Mask,
Heterochromia,
Hope,
House of Mirrors,
Hubris,
Humility,
Hunter's Resolve,
Hunter's Reward,
Immortal Resolve,
Jack in the Box,
Lantador's Lost Love,
Last Hope,
Left to Fate,
Light and Truth,
Lingering Remnants,
Lost Worlds,
Loyalty,
Lucky Connections,
Lucky Deck,
Lysah's Respite,
Mawr Blaidd,
Merciless Armament,
Might is Right,
Mitts,
No Traces,
Perfection,
Pride Before the Fall,
Prosperity,
Rain Tempter,
Rain of Chaos,
Rats,
Rebirth,
Scholar of the Seas,
Shard of Fate,
Struck by Lightning,
The Admirer,
The Aesthete,
The Arena Champion,
The Army of Blood,
The Artist,
The Avenger,
The Battle Born,
The Beast,
The Betrayal,
The Blazing Fire,
The Body,
The Breach,
The Brittle Emperor,
The Calling,
The Carrion Crow,
The Cartographer,
The Cataclysm,
The Catalyst,
The Celestial Justicar,
The Celestial Stone,
The Chains that Bind,
The Coming Storm,
The Conduit,
The Cursed King,
The Dapper Prodigy,
The Dark Mage,
The Darkest Dream,
The Deceiver,
The Demoness,
The Doctor,
The Doppelganger,
The Dragon,
The Dragon's Heart,
The Dreamer,
The Dreamland,
The Drunken Aristocrat,
The Encroaching Darkness,
The Endurance,
The Enlightened,
The Ethereal,
The Explorer,
The Eye of the Dragon,
The Fathomless Depths,
The Feast,
The Fiend,
The Fletcher,
The Flora's Gift,
The Formless Sea,
The Forsaken,
The Fox,
The Gambler,
The Garish Power,
The Gemcutter,
The Gentleman,
The Gladiator,
The Hale Heart,
The Harvester,
The Hermit,
The Hoarder,
The Hunger,
The Immortal,
The Incantation,
The Inoculated,
The Insatiable,
The Inventor,
The Iron Bard,
The Jester,
The Jeweller's Boon,
The King's Blade,
The King's Heart,
The Last One Standing,
The Lich,
The Lion,
The Lord in Black,
The Lover,
The Lunaris Priestess,
The Master,
The Mayor,
The Mercenary,
The Metalsmith's Gift,
The Oath,
The Obscured,
The Offering,
The One With All,
The Opulent,
The Pack Leader,
The Pact,
The Penitent,
The Poet,
The Polymath,
The Porcupine,
The Professor,
The Puzzle,
The Queen,
The Rabid Rhoa,
The Realm,
The Risk,
The Rite of Elements,
The Road to Power,
The Ruthless Ceinture,
The Saint's Treasure,
The Samurai's Eye,
The Scarred Meadow,
The Scavenger,
The Scholar,
The Sephirot,
The Sigil,
The Siren,
The Soul,
The Spark and the Flame,
The Spoiled Prince,
The Standoff,
The Stormcaller,
The Summoner,
The Sun,
The Surgeon,
The Surveyor,
The Survivalist,
The Sword King's Salute,
The Thaumaturgist,
The Throne,
The Tower,
The Traitor,
The Trial,
The Twins,
The Tyrant,
The Undaunted,
The Undisputed,
The Union,
The Valkyrie,
The Valley of Steel Boxes,
The Vast,
The Visionary,
The Void,
The Warden,
The Warlord,
The Watcher,
The Web,
The Wind,
The Witch,
The Wolf,
The Wolf's Shadow,
The Wolven King's Bite,
The Wolverine,
The World Eater,
The Wrath,
The Wretched,
Three Faces in the Dark,
Three Voices,
Thunderous Skies,
Time-Lost Relic,
Tranquillity,
Treasure Hunter,
Turn the Other Cheek,
Vinia's Token,
Volatile Power,
Wealth and Power,