Academy Map,
Acid Lakes Map,
Alleyways Map,
Ancient City Map,
Arachnid Nest Map,
Arachnid Tomb Map,
Arcade Map,
Arena Map,
Arid Lake Map,
Armoury Map,
Arsenal Map,
Ashen Wood Map,
Atoll Map,
Barrows Map,
Basilica Map,
Bazaar Map,
Beach Map,
Belfry Map,
Bog Map,
Bone Crypt Map,
Burial Chambers Map,
Cage Map,
Caldera Map,
Canyon Map,
Carcass Map,
Castle Ruins Map,
Cells Map,
Cemetery Map,
Channel Map,
Chateau Map,
City Square Map,
Colonnade Map,
Colosseum Map,
Conservatory Map,
Coral Ruins Map,
Core Map,
Courthouse Map,
Courtyard Map,
Coves Map,
Crimson Temple Map,
Crystal Ore Map,
Cursed Crypt Map,
Dark Forest Map,
Defiled Cathedral Map,
Desert Map,
Desert Spring Map,
Dig Map,
Dunes Map,
Dungeon Map,
Elder Academy Map,
Elder Ancient City Map,
Elder Arcade Map,
Elder Arena Map,
Elder Arid Lake Map,
Elder Armoury Map,
Elder Arsenal Map,
Elder Ashen Wood Map,
Elder Atoll Map,
Elder Beach Map,
Elder Belfry Map,
Elder Burial Chambers Map,
Elder Cage Map,
Elder Cells Map,
Elder Cemetery Map,
Elder Channel Map,
Elder Chateau Map,
Elder City Square Map,
Elder Core Map,
Elder Courthouse Map,
Elder Courtyard Map,
Elder Crystal Ore Map,
Elder Cursed Crypt Map,
Elder Desert Spring Map,
Elder Dunes Map,
Elder Estuary Map,
Elder Excavation Map,
Elder Fields Map,
Elder Gorge Map,
Elder Graveyard Map,
Elder Grotto Map,
Elder Haunted Mansion Map,
Elder Ivory Temple Map,
Elder Laboratory Map,
Elder Lair Map,
Elder Leyline Map,
Elder Mausoleum Map,
Elder Maze Map,
Elder Mesa Map,
Elder Moon Temple Map,
Elder Necropolis Map,
Elder Pen Map,
Elder Peninsula Map,
Elder Phantasmagoria Map,
Elder Plateau Map,
Elder Plaza Map,
Elder Port Map,
Elder Primordial Pool Map,
Elder Promenade Map,
Elder Racecourse Map,
Elder Ramparts Map,
Elder Relic Chambers Map,
Elder Sepulchre Map,
Elder Spider Forest Map,
Elder Springs Map,
Elder Strand Map,
Elder Thicket Map,
Elder Tower Map,
Elder Toxic Sewer Map,
Elder Tribunal Map,
Elder Underground River Map,
Elder Underground Sea Map,
Elder Vault Map,
Elder Volcano Map,
Elder Waste Pool Map,
Elder Waterways Map,
Elder Wharf Map,
Estuary Map,
Excavation Map,
Factory Map,
Fields Map,
Flooded Mine Map,
Forge of the Phoenix Map,
Gardens Map,
Geode Map,
Ghetto Map,
Gorge Map,
Graveyard Map,
Grotto Map,
Haunted Mansion Map,
Iceberg Map,
Infested Valley Map,
Ivory Temple Map,
Jungle Valley Map,
Laboratory Map,
Lair Map,
Lair of the Hydra Map,
Lava Chamber Map,
Lava Lake Map,
Leyline Map,
Lighthouse Map,
Lookout Map,
Malformation Map,
Marshes Map,
Mausoleum Map,
Maze Map,
Maze of the Minotaur Map,
Mesa Map,
Mineral Pools Map,
Moon Temple Map,
Mud Geyser Map,
Museum Map,
Necropolis Map,
Orchard Map,
Overgrown Ruin Map,
Overgrown Shrine Map,
Palace Map,
Park Map,
Pen Map,
Peninsula Map,
Phantasmagoria Map,
Pier Map,
Pit Map,
Pit of the Chimera Map,
Plateau Map,
Plaza Map,
Port Map,
Precinct Map,
Primordial Pool Map,
Promenade Map,
Racecourse Map,
Ramparts Map,
Reef Map,
Relic Chambers Map,
Residence Map,
Scriptorium Map,
Sepulchre Map,
Shaped Academy Map,
Shaped Acid Lakes Map,
Shaped Alleyways Map,
Shaped Ancient City Map,
Shaped Arachnid Nest Map,
Shaped Arachnid Tomb Map,
Shaped Arcade Map,
Shaped Arena Map,
Shaped Arid Lake Map,
Shaped Armoury Map,
Shaped Ashen Wood Map,
Shaped Atoll Map,
Shaped Barrows Map,
Shaped Bazaar Map,
Shaped Beach Map,
Shaped Belfry Map,
Shaped Bog Map,
Shaped Bone Crypt Map,
Shaped Burial Chambers Map,
Shaped Cage Map,
Shaped Canyon Map,
Shaped Castle Ruins Map,
Shaped Cells Map,
Shaped Cemetery Map,
Shaped Channel Map,
Shaped Chateau Map,
Shaped City Square Map,
Shaped Colonnade Map,
Shaped Conservatory Map,
Shaped Coral Ruins Map,
Shaped Courthouse Map,
Shaped Courtyard Map,
Shaped Coves Map,
Shaped Cursed Crypt Map,
Shaped Desert Map,
Shaped Desert Spring Map,
Shaped Dunes Map,
Shaped Dungeon Map,
Shaped Estuary Map,
Shaped Excavation Map,
Shaped Factory Map,
Shaped Fields Map,
Shaped Flooded Mine Map,
Shaped Gardens Map,
Shaped Geode Map,
Shaped Ghetto Map,
Shaped Gorge Map,
Shaped Graveyard Map,
Shaped Grotto Map,
Shaped Haunted Mansion Map,
Shaped Iceberg Map,
Shaped Infested Valley Map,
Shaped Ivory Temple Map,
Shaped Jungle Valley Map,
Shaped Laboratory Map,
Shaped Lava Chamber Map,
Shaped Leyline Map,
Shaped Lighthouse Map,
Shaped Lookout Map,
Shaped Marshes Map,
Shaped Mausoleum Map,
Shaped Maze Map,
Shaped Mesa Map,
Shaped Mineral Pools Map,
Shaped Moon Temple Map,
Shaped Mud Geyser Map,
Shaped Museum Map,
Shaped Orchard Map,
Shaped Overgrown Ruin Map,
Shaped Overgrown Shrine Map,
Shaped Pen Map,
Shaped Peninsula Map,
Shaped Phantasmagoria Map,
Shaped Pier Map,
Shaped Pit Map,
Shaped Plateau Map,
Shaped Port Map,
Shaped Precinct Map,
Shaped Promenade Map,
Shaped Racecourse Map,
Shaped Ramparts Map,
Shaped Reef Map,
Shaped Relic Chambers Map,
Shaped Residence Map,
Shaped Scriptorium Map,
Shaped Sepulchre Map,
Shaped Shipyard Map,
Shaped Shore Map,
Shaped Siege Map,
Shaped Spider Forest Map,
Shaped Spider Lair Map,
Shaped Springs Map,
Shaped Strand Map,
Shaped Sulphur Vents Map,
Shaped Temple Map,
Shaped Thicket Map,
Shaped Tower Map,
Shaped Toxic Sewer Map,
Shaped Tribunal Map,
Shaped Tropical Island Map,
Shaped Underground River Map,
Shaped Underground Sea Map,
Shaped Vaal Pyramid Map,
Shaped Vault Map,
Shaped Volcano Map,
Shaped Waste Pool Map,
Shaped Wasteland Map,
Shaped Wharf Map,
Shipyard Map,
Shore Map,
Shrine Map,
Siege Map,
Spider Forest Map,
Spider Lair Map,
Springs Map,
Strand Map,
Sulphur Vents Map,
Summit Map,
Sunken City Map,
Temple Map,
Terrace Map,
Thicket Map,
Torture Chamber Map,
Tower Map,
Toxic Sewer Map,
Tribunal Map,
Tropical Island Map,
Underground River Map,
Underground Sea Map,
Vaal Pyramid Map,
Vaal Temple Map,
Vault Map,
Villa Map,
Volcano Map,
Waste Pool Map,
Wasteland Map,
Waterways Map,
Wharf Map,