A Call into the Void,
A Dishonourable Death,
A Firm Foothold,
A Forest of False Idols,
A Gracious Master,
A Master Seeks Help,
A Prodigious Hand,
A Regal Death,
A Rift in Time,
A Valuable Combination,
A Vision of Ice and Fire,
A Whispered Prayer,
Abnormal Effulgence,
Against the Tide,
Agony at Dusk,
An Unseen Peril,
Anarchy's End I,,Anarchy's End One
Anarchy's End II,,Anarchy's End Two
Anarchy's End III,,Anarchy's End Three
Anarchy's End IV,,Anarchy's End Four
Ancient Doom,
Ancient Rivalries I,,Ancient Rivalries One
Ancient Rivalries II,,Ancient Rivalries Two
Baptism by Death,
Beyond Sight I,,Beyond Sight One
Beyond Sight II,,Beyond Sight Two
Beyond Sight III,,Beyond Sight Three
Beyond Sight IV,,Beyond Sight Four
Black Devotion,
Blind Faith,
Blinding Light,
Blood in the Eyes,
Blood of the Betrayed,
Bountiful Traps,
Brothers in Arms,
Burning Dread,
Cleanser of Sins,
Cold Blooded Fury,
Cold Greed,
Crimson Hues,
Crushing Squall,
Custodians of Silence,
Dance of Steel,
Dark Instincts,
Darktongue's Shriek,
Day of Sacrifice I,,Day of Sacrifice One
Day of Sacrifice II,,Day of Sacrifice Two
Day of Sacrifice III,,Day of Sacrifice Three
Day of Sacrifice IV,,Day of Sacrifice Four
Deadly Rivalry I,,Deadly Rivalry One
Deadly Rivalry II,,Deadly Rivalry Two
Deadly Rivalry III,,Deadly Rivalry Three
Deadly Rivalry IV,,Deadly Rivalry Four
Deadly Rivalry V,,Deadly Rivalry Five
Deadly Twins,
Defiled in the Sceptre,
Dying Cry,
Echoes of Witchcraft,
End of the Light,
Ending the Torment,
Erased from Memory,
Erasmus' Gift,
Fallow At Last,
Fated Connections,
Fear's Wide Reach,
Fire Wood and Stone,
Fire and Brimstone,
Fire and Ice,
Fire from the Sky,
Flesh of the Beast,
Forceful Exorcism,
From Death Springs Life,
From The Void,
Gilded Within,
Golden Touch,
Graceful Flames,
Greed's Folly,
Heart of the Fire,
Heavy Blows,
Hidden Reinforcements,
Hidden Vaal Pathways,
Holding the Bridge,
Hunter's Lesson,
Ice from Above,
In the Grasp of Corruption,
Kalandra's Craft,
Last of the Wildmen,
Lasting Impressions,
Lightning Falls,
Living Fires,
Lost in the Pages,
Monstrous Treasure,
Mouth of Horrors,
Mysterious Invaders,
Nature's Resilience,
Nemesis of Greed,
Notched Flesh,
Overflowing Riches,
Path of Betrayal,
Plague of Frogs,
Plague of Rats,
Pleasure and Pain,
Pools of Wealth,
Possessed Foe,
Power Magnified,
Rebirth,
Reforged Bonds,
Resistant to Change,
Risen Blood,
Roth's Legacy,
Severed Limbs,
Smothering Tendrils,
Soil Worms and Blood,
Song of the Sekhema,
Storm on the Horizon,
Storm on the Reef,
Strong as a Bull,
Sun's Punishment,
Thaumaturgical History I,,Thaumaturgical History One
Thaumaturgical History II,,Thaumaturgical History Two
Thaumaturgical History III,,Thaumaturgical History Three
Thaumaturgical History IV,,Thaumaturgical History Four
The Aesthete's Spirit,
The Alchemist,
The Ambitious Bandit I,,The Ambitious Bandit One
The Ambitious Bandit II,,The Ambitious Bandit Two
The Ambitious Bandit III,,The Ambitious Bandit Three
The Apex Predator,
The Beautiful Guide,
The Beginning and the End,
The Blacksmith,
The Bloody Flowers Redux,
The Bowstring's Music,
The Brothers of Necromancy,
The Brutal Enforcer,
The Child of Lunaris,
The Corrupt,
The Cursed Choir,
The Dreaded Rhoa,
The Dream Trial,
The Dreamer's Dream,
The Eagle's Cry,
The Emperor's Trove,
The Fall of an Empire,
The Feral Lord I,,The Feral Lord One
The Feral Lord II,,The Feral Lord Two
The Feral Lord III,,The Feral Lord Three
The Feral Lord IV,,The Feral Lord Four
The Feral Lord V,,The Feral Lord Five
The Flayed Man,
The Flow of Energy,
The Forgotten Garrison,
The Forgotten Soldiers,
The Fortune Teller's Collection,
The Four Feral Exiles,
The God of Misfortune,
The Great Leader of the North,
The Great Mind of the North,
The Hardened Armour,
The Hollow Pledge,
The Hungering Swarm,
The Invader,
The Jeweller's Touch,
The Karui Rebellion,
The King and the Brambles,
The King's Path,
The Lady in Black,
The Last Watch,
The Lost Maps,
The Lost Undying,
The Malevolent Witch,
The Misunderstood Queen,
The Mysterious Gift,
The Nest,
The Nightmare Awakens,
The Petrified,
The Plaguemaw I,,The Plaguemaw One
The Plaguemaw II,,The Plaguemaw Two
The Plaguemaw III,,The Plaguemaw Three
The Plaguemaw IV,,The Plaguemaw Four
The Plaguemaw V,,The Plaguemaw Five
The Prison Guard,
The Prison Key,
The Queen's Sacrifice,
The Queen's Vaults,
The Scout,
The Servant's Heart,
The Sharpened Blade,
The Silverwood,
The Singular Spirit,
The Sinner's Stone,
The Snuffed Flame,
The Soulless Beast,
The Stockkeeper,
The Storm Spire,
The Sword King's Passion,
The Trembling Earth,
The Twins,
The Unbreathing Queen I,,The Unbreathing Queen One
The Unbreathing Queen II,,The Unbreathing Queen Two
The Unbreathing Queen III,,The Unbreathing Queen Three
The Unbreathing Queen IV,,The Unbreathing Queen Four
The Unbreathing Queen V,,The Unbreathing Queen Five
The Undead Brutes,
The Undead Storm,
The Vanguard,
The Walking Mountain,
The Ward's Ward,
The Warmongers I,,The Warmongers One
The Warmongers II,,The Warmongers Two
The Warmongers III,,The Warmongers Three
The Warmongers IV,,The Warmongers Four
The Watcher's Watcher,
The Wealthy Exile,
Touched by the Wind,
Trapped in the Tower,
Trash to Treasure,
Twice Enchanted,
Unbearable Whispers I,,Unbearable Whispers One
Unbearable Whispers II,,Unbearable Whispers Two
Unbearable Whispers III,,Unbearable Whispers Three
Unbearable Whispers IV,,Unbearable Whispers Four
Unbearable Whispers V,,Unbearable Whispers Five
Undead Uprising,
Unnatural Energy,
Vaal Invasion,
Vaal Winds,
Visions of the Drowned,
Vital Transformation,
Waiting in Ambush,
Weeping Death,
Wind and Thunder,
Winter's Mournful Melodies,