Einhar's Hunt,
Einhar's Bestiary,
Einhar's Menagerie,
The Caged Brute,
Mercy Mission,
Breaking Some Eggs,
The Siren's Cadence,
Enemy at the Gate,
A Dirty Job,
The Dweller of the Deep,
The Marooned Mariner,
The Way Forward,
Intruders in Black,
Through Sacred Ground,
The Great White Beast,
Sharp and Cruel,
Deal with the Bandits,
The Ribbon Spool,
Sever the Right Hand,
Lost in Love,
A Fixture of Fate,
Piety's Pets,
Victario's Secrets,
A Swig of Hope,
Fiery Dust,
Breaking the Seal,
An Indomitable Spirit,
The Eternal Nightmare,
The King's Feast,
In Service to Science,
Kitava's Torments,
Death to Purity,
The Key to Freedom,
Return to Oriath,
Bestel's Epic,
Fallen from Grace,
The Cloven One,
The Father of War,
The Puppet Mistress,
Essence of Umbra,
In Memory of Greust,
The Silver Locket,
Kishara's Star,
Queen of Despair,
The Master of a Million Faces,
Essence of the Artist,
Web of Secrets,
Love is Dead,
Reflection of Terror,
The Gemling Legion,
The Wings of Vastiri,
Essence of the Hag,
The Storm Blade,
Fastis Fortuna,
Queen of the Sands,
The Ruler of Highgate,
Safe Passage,
Death and Rebirth,
No Love for Old Ghosts,
An End to Hunger,
Vilenta's Vengeance,
Map to Tsoatha,
From Nightmare into Dream,